<manifest alg="2" build="2017.0.0.363" opt="false" iceEnabled="true" iceMarkupVersion="2" iceEnabledOptions="link,responsive,cachebuster" exportTarget="other" domain="guerrerosport.com" resolutions="1x" timestamp="1619736124383">
  <folder name="css">
    <file name="site_global.css" crc="4171616525"/>
    <file name="master_a-p_g_-maestra.css" crc="156903915" ref="index:noticias:ropadeportiva:quiénes-somos:equipamiento:contáctanos:tendencias"/>
    <file name="nomq_preview_master_a-p_g_-maestra.css" crc="72859320" ref="index:noticias:ropadeportiva:quiénes-somos:equipamiento:contáctanos:tendencias"/>
    <file name="index.css" crc="4281879910" ref="index"/>
    <file name="nomq_index.css" crc="111340971" ref="index"/>
    <file name="noticias.css" crc="501115932" ref="noticias"/>
    <file name="nomq_noticias.css" crc="4020235333" ref="noticias"/>
    <file name="ropadeportiva.css" crc="28882982" ref="ropadeportiva"/>
    <file name="nomq_ropadeportiva.css" crc="4193467628" ref="ropadeportiva"/>
    <file name="qui_nes-somos.css" crc="3992884469" ref="quiénes-somos"/>
    <file name="nomq_qui_nes-somos.css" crc="3939926101" ref="quiénes-somos"/>
    <file name="equipamiento.css" crc="3786410709" ref="equipamiento"/>
    <file name="nomq_equipamiento.css" crc="178115291" ref="equipamiento"/>
    <file name="cont_ctanos.css" crc="4228287406" ref="contáctanos"/>
    <file name="nomq_cont_ctanos.css" crc="4109821412" ref="contáctanos"/>
    <file name="tendencias.css" crc="3917210596" ref="tendencias"/>
    <file name="nomq_tendencias.css" crc="195594882" ref="tendencias"/>
  </folder>
  <folder name="scripts">
    <file name="jquery-1.8.3.min.js" crc="209076791" ref="index:ropadeportiva:equipamiento:tendencias:noticias:quiénes-somos:contáctanos"/>
    <file name="museutils.js" crc="163421577" ref="index:ropadeportiva:equipamiento:tendencias:noticias:quiénes-somos:contáctanos"/>
    <file name="whatinput.js" crc="86476730" ref="index:ropadeportiva:equipamiento:tendencias:noticias:quiénes-somos:contáctanos"/>
    <file name="museconfig.js" crc="168988563" ref="index:ropadeportiva:equipamiento:tendencias:noticias:quiénes-somos:contáctanos"/>
    <file name="jquery.musemenu.js" crc="146495465" ref="index:ropadeportiva:equipamiento:tendencias:noticias:quiénes-somos:contáctanos"/>
    <file name="jquery.musepolyfill.bgsize.js" crc="379354253" ref="index:ropadeportiva:equipamiento:tendencias:noticias:quiénes-somos"/>
    <file name="webpro.js" crc="3848665353" ref="index:ropadeportiva:equipamiento:tendencias:noticias:quiénes-somos:contáctanos"/>
    <file name="musewpslideshow.js" crc="4041717617" ref="index:ropadeportiva:equipamiento:tendencias:noticias:quiénes-somos:contáctanos"/>
    <file name="jquery.museoverlay.js" crc="36492500" ref="index:ropadeportiva:equipamiento:tendencias:noticias:quiénes-somos:contáctanos"/>
    <file name="touchswipe.js" crc="404375771" ref="index:ropadeportiva:equipamiento:tendencias:noticias:quiénes-somos:contáctanos"/>
    <file name="jquery.watch.js" crc="104486786" ref="index:ropadeportiva:equipamiento:tendencias:noticias:quiénes-somos:contáctanos"/>
    <file name="html5shiv.js" crc="4241844378" ref="index:ropadeportiva:equipamiento:tendencias:noticias:quiénes-somos:contáctanos"/>
    <file name="jquery.museresponsive.js" crc="4146931122" ref="index:ropadeportiva:equipamiento:tendencias:noticias:quiénes-somos:contáctanos"/>
    <file name="require.js" crc="244322403" ref="index:ropadeportiva:equipamiento:tendencias:noticias:quiénes-somos:contáctanos"/>
    <file name="musewpdisclosure.js" crc="4275188064" ref="equipamiento"/>
  </folder>
  <folder name="images">
    <file name="logo-guerrero-sport-3-oficialweb.png" crc="3988989438" seo="true" ref="index:ropadeportiva:equipamiento:tendencias:noticias:quiénes-somos:contáctanos"/>
    <file name="banner-3.jpg" crc="70530434" seo="true" ref="index:ropadeportiva:equipamiento:tendencias:noticias:quiénes-somos:contáctanos"/>
    <file name="banner-1.jpg" crc="3954585562" seo="true" ref="index:ropadeportiva:equipamiento:tendencias:noticias:quiénes-somos:contáctanos"/>
    <file name="blank.gif" crc="4208392903" ref="index:ropadeportiva:equipamiento:tendencias:noticias:quiénes-somos:contáctanos"/>
    <file name="banner-2.jpg" crc="3999473301" seo="true" ref="index:ropadeportiva:equipamiento:tendencias:noticias:quiénes-somos:contáctanos"/>
    <file name="loading.gif" crc="3815509949" ref="index"/>
    <file name="balón-fútbol.jpg" crc="4056330473" ref="index"/>
    <file name="camiseta 1.jpg" crc="491944457" ref="index"/>
    <file name="camp-basket.jpg" crc="3976776015" ref="index"/>
    <file name="camiseta 2.jpg" crc="67057853" ref="index"/>
    <file name="camp-voley.jpg" crc="4124884270" ref="index"/>
    <file name="camiseta-3-u995-fr.jpg" crc="25893681" ref="index"/>
    <file name="chimpunes.jpg" crc="4283206826" ref="index"/>
    <file name="zapatillas-fem.jpg" crc="3861802824" ref="index"/>
    <file name="camiseta-alianza-lima-2021.jpg" crc="152915814" ref="index"/>
    <file name="pantalón-de-mujer-nike-u1352-fr.jpg" crc="158194877" ref="index"/>
    <file name="polo-manga-cero.jpg" crc="491690830" ref="index"/>
    <file name="carrito-de-compra.png" crc="285251218" seo="true" ref="index"/>
    <file name="u1364-10.png" crc="367441225" ref="index"/>
    <file name="logo-guerrero-sport-3---blanco-completo---oficialweb.png" crc="218401420" seo="true" ref="index:ropadeportiva:equipamiento:tendencias:noticias:quiénes-somos:contáctanos"/>
    <file name="twitter-icon.png" crc="11367813" seo="true" ref="index:ropadeportiva:equipamiento:tendencias:noticias:quiénes-somos:contáctanos"/>
    <file name="fb-icon.png" crc="355152469" seo="true" ref="index:ropadeportiva:equipamiento:tendencias:noticias:quiénes-somos:contáctanos"/>
    <file name="ig-icon.png" crc="4140384762" seo="true" ref="index:ropadeportiva:equipamiento:tendencias:noticias:quiénes-somos:contáctanos"/>
    <file name="camiseta-3.jpg" crc="4287659863" ref="index"/>
    <file name="pantalón-de-mujer-nike.jpg" crc="423037924" ref="index"/>
    <file name="u1364-102.png" crc="4127094950" ref="index"/>
    <file name="u1364-103.png" crc="4050904522" ref="index"/>
    <file name="lines-1.jpg" crc="4212722714" ref="ropadeportiva:equipamiento"/>
    <file name="descuento.png" crc="3952160296" seo="true" ref="ropadeportiva:equipamiento"/>
    <file name="1-u3569-fr.jpg" crc="45669954" ref="ropadeportiva"/>
    <file name="20 - 1-u8298-fr.jpg" crc="3796044370" ref="ropadeportiva"/>
    <file name="3-u3584-fr.jpg" crc="396440509" ref="ropadeportiva"/>
    <file name="21-u8320-fr.jpg" crc="117123145" ref="ropadeportiva"/>
    <file name="2-u3575-fr.jpg" crc="3794612124" ref="ropadeportiva"/>
    <file name="4-u3587-fr.jpg" crc="3912817754" ref="ropadeportiva"/>
    <file name="16-u8084-fr.jpg" crc="245511418" ref="ropadeportiva"/>
    <file name="17-u8093-fr.jpg" crc="4277069951" ref="ropadeportiva"/>
    <file name="18-u8144-fr.jpg" crc="335376200" ref="ropadeportiva"/>
    <file name="19-u8160-fr.jpg" crc="531781440" ref="ropadeportiva"/>
    <file name="banner-tottenham.jpg" crc="3889226170" ref="ropadeportiva"/>
    <file name="6-u3849-fr.jpg" crc="4185343718" ref="ropadeportiva"/>
    <file name="7-u3868-fr.jpg" crc="534021823" ref="ropadeportiva"/>
    <file name="9-u4195-fr.jpg" crc="3957215975" ref="ropadeportiva"/>
    <file name="8-u4105-fr.jpg" crc="140948826" ref="ropadeportiva"/>
    <file name="banner-basket.jpg" crc="3860695437" ref="ropadeportiva"/>
    <file name="10-u4327-fr.jpg" crc="50317814" ref="ropadeportiva"/>
    <file name="11-u4445-fr.jpg" crc="37672900" ref="ropadeportiva"/>
    <file name="12-u4541-fr.jpg" crc="324584871" ref="ropadeportiva"/>
    <file name="13-u4613-fr.jpg" crc="3830866288" ref="ropadeportiva"/>
    <file name="banner-voley.jpg" crc="3982073889" ref="ropadeportiva"/>
    <file name="14-u5400-fr.jpg" crc="194722162" ref="ropadeportiva"/>
    <file name="15-u5454-fr.jpg" crc="4261249771" ref="ropadeportiva"/>
    <file name="banner-tottenham-u4881-fr.jpg" crc="86364961" ref="ropadeportiva"/>
    <file name="6.jpg" crc="4033900173" ref="ropadeportiva"/>
    <file name="7.jpg" crc="4165337686" ref="ropadeportiva"/>
    <file name="9.jpg" crc="283734637" ref="ropadeportiva"/>
    <file name="8.jpg" crc="3793707270" ref="ropadeportiva"/>
    <file name="banner-basket-u4250-fr.jpg" crc="145246620" ref="ropadeportiva"/>
    <file name="10.jpg" crc="190177133" ref="ropadeportiva"/>
    <file name="11.jpg" crc="3766032131" ref="ropadeportiva"/>
    <file name="12.jpg" crc="392840013" ref="ropadeportiva"/>
    <file name="13.jpg" crc="518457394" ref="ropadeportiva"/>
    <file name="banner-voley-u4818-fr.jpg" crc="527400874" ref="ropadeportiva"/>
    <file name="14.jpg" crc="411297262" ref="ropadeportiva"/>
    <file name="15.jpg" crc="97658677" ref="ropadeportiva"/>
    <file name="1.jpg" crc="343988718" ref="ropadeportiva"/>
    <file name="20 - 1.jpg" crc="4042096735" ref="ropadeportiva"/>
    <file name="3.jpg" crc="3929623741" ref="ropadeportiva"/>
    <file name="21.jpg" crc="4289624617" ref="ropadeportiva"/>
    <file name="2.jpg" crc="514746276" ref="ropadeportiva"/>
    <file name="4.jpg" crc="3921829287" ref="ropadeportiva"/>
    <file name="16.jpg" crc="111246344" ref="ropadeportiva"/>
    <file name="17.jpg" crc="3937186736" ref="ropadeportiva"/>
    <file name="18.jpg" crc="4228114933" ref="ropadeportiva"/>
    <file name="19.jpg" crc="3856587377" ref="ropadeportiva"/>
    <file name="banner-tottenham-u4881-fr2.jpg" crc="221194698" ref="ropadeportiva"/>
    <file name="banner-basket-u4250-fr2.jpg" crc="4217825345" ref="ropadeportiva"/>
    <file name="banner-voley-u4818-fr2.jpg" crc="3866442762" ref="ropadeportiva"/>
    <file name="110.jpg" crc="4227515368" ref="equipamiento"/>
    <file name="112.jpg" crc="3972761155" ref="equipamiento"/>
    <file name="122.jpg" crc="291529769" ref="equipamiento"/>
    <file name="132.jpg" crc="371760153" ref="equipamiento"/>
    <file name="142.jpg" crc="4184156330" ref="equipamiento"/>
    <file name="1-u8592-fr.jpg" crc="253921376" ref="equipamiento"/>
    <file name="11-u8594-fr.jpg" crc="28050735" ref="equipamiento"/>
    <file name="12-u8593-fr.jpg" crc="3850613160" ref="equipamiento"/>
    <file name="13-u8634-fr.jpg" crc="492440149" ref="equipamiento"/>
    <file name="14-u8653-fr.jpg" crc="4016790026" ref="equipamiento"/>
    <file name="2-u8740-fr.jpg" crc="4073037278" ref="equipamiento"/>
    <file name="21-u8742-fr.jpg" crc="267296635" ref="equipamiento"/>
    <file name="22-u8741-fr.jpg" crc="439197253" ref="equipamiento"/>
    <file name="23-u8782-fr.jpg" crc="256387050" ref="equipamiento"/>
    <file name="24-u8799-fr.jpg" crc="256032512" ref="equipamiento"/>
    <file name="22.jpg" crc="346072991" ref="equipamiento"/>
    <file name="212.jpg" crc="3784343845" ref="equipamiento"/>
    <file name="222.jpg" crc="22799594" ref="equipamiento"/>
    <file name="23.jpg" crc="253328528" ref="equipamiento"/>
    <file name="24.jpg" crc="4207528205" ref="equipamiento"/>
    <file name="32-u8844-fr.jpg" crc="194191645" ref="equipamiento"/>
    <file name="33-u8843-fr.jpg" crc="4078529047" ref="equipamiento"/>
    <file name="34-u8879-fr.jpg" crc="93197226" ref="equipamiento"/>
    <file name="32.jpg" crc="213776024" ref="equipamiento"/>
    <file name="33.jpg" crc="190702168" ref="equipamiento"/>
    <file name="34.jpg" crc="4194355043" ref="equipamiento"/>
    <file name="4-u8955-fr.jpg" crc="3980330450" ref="equipamiento"/>
    <file name="41-u8957-fr.jpg" crc="4165874942" ref="equipamiento"/>
    <file name="42-u8956-fr.jpg" crc="4103032050" ref="equipamiento"/>
    <file name="43-u8992-fr.jpg" crc="3955948670" ref="equipamiento"/>
    <file name="44-u9017-fr.jpg" crc="122288257" ref="equipamiento"/>
    <file name="42.jpg" crc="4263073614" ref="equipamiento"/>
    <file name="41.jpg" crc="104259851" ref="equipamiento"/>
    <file name="422.jpg" crc="4037966908" ref="equipamiento"/>
    <file name="43.jpg" crc="151050413" ref="equipamiento"/>
    <file name="44.jpg" crc="298891892" ref="equipamiento"/>
    <file name="5-u9396-fr.jpg" crc="434191469" ref="equipamiento"/>
    <file name="51-u9398-fr.jpg" crc="83571988" ref="equipamiento"/>
    <file name="52-u9442-fr.jpg" crc="4079136697" ref="equipamiento"/>
    <file name="5.jpg" crc="4177651877" ref="equipamiento"/>
    <file name="51.jpg" crc="359205053" ref="equipamiento"/>
    <file name="52.jpg" crc="63895176" ref="equipamiento"/>
    <file name="6-u9504-fr.jpg" crc="3845005542" ref="equipamiento"/>
    <file name="61-u9506-fr.jpg" crc="176769232" ref="equipamiento"/>
    <file name="62-u9505-fr.jpg" crc="30852393" ref="equipamiento"/>
    <file name="63-u9541-fr.jpg" crc="4011573017" ref="equipamiento"/>
    <file name="62.jpg" crc="4192671594" ref="equipamiento"/>
    <file name="61.jpg" crc="421400952" ref="equipamiento"/>
    <file name="622.jpg" crc="526490190" ref="equipamiento"/>
    <file name="63.jpg" crc="317322820" ref="equipamiento"/>
    <file name="111.jpg" crc="305674166" ref="tendencias"/>
    <file name="25.jpg" crc="3774536645" ref="tendencias"/>
    <file name="35.jpg" crc="261357261" ref="tendencias"/>
    <file name="45.jpg" crc="184704066" ref="tendencias"/>
    <file name="1-u6190-fr.jpg" crc="4135523343" ref="tendencias"/>
    <file name="2-u6239-fr.jpg" crc="390591508" ref="tendencias"/>
    <file name="3-u6287-fr.jpg" crc="3983688340" ref="tendencias"/>
    <file name="4-u6360-fr.jpg" crc="339360898" ref="tendencias"/>
    <file name="1-u6190-fr2.jpg" crc="302426973" ref="tendencias"/>
    <file name="2-u6239-fr2.jpg" crc="3790291619" ref="tendencias"/>
    <file name="3-u6287-fr2.jpg" crc="92475165" ref="tendencias"/>
    <file name="4-u6360-fr2.jpg" crc="3795805728" ref="tendencias"/>
    <file name="113.jpg" crc="4126930899" ref="noticias"/>
    <file name="1-u6518-fr.jpg" crc="492009242" ref="noticias"/>
    <file name="114.jpg" crc="241248165" ref="quiénes-somos"/>
    <file name="26.jpg" crc="4163395040" ref="quiénes-somos"/>
    <file name="36.jpg" crc="4269671922" ref="quiénes-somos"/>
    <file name="1-u6926-fr.jpg" crc="3761420740" ref="quiénes-somos"/>
    <file name="2-u6985-fr.jpg" crc="123024890" ref="quiénes-somos"/>
    <file name="3-u7017-fr.jpg" crc="87224175" ref="quiénes-somos"/>
    <file name="0.png" crc="490557737" seo="true" ref="contáctanos"/>
    <file name="0189x189.png" crc="3856664294" seo="true" ref="contáctanos"/>
    <file name="0106x106.png" crc="4028912273" seo="true" ref="contáctanos"/>
  </folder>
  <file name="index.html" crc="3986493168" seo="true" mt="1619126650266" redirect="true"/>
  <file name="ropadeportiva.html" crc="4062534835" seo="true" mt="1619136798274" redirect="true"/>
  <file name="equipamiento.html" crc="3903546088" seo="true" mt="1619126650266" redirect="true"/>
  <file name="tendencias.html" crc="3857527644" seo="true" mt="1619138137091" redirect="true"/>
  <file name="noticias.html" crc="4259402988" seo="true" mt="1619126650266" redirect="true"/>
  <file name="quiénes-somos.html" crc="457572996" seo="true" mt="1619126650266" redirect="true"/>
  <file name="contáctanos.html" crc="353444050" seo="true" mt="1619139023261" redirect="true"/>
</manifest>